{
  "project_info": {
    "project_number": "1058746900981",
    "firebase_url": "https://busina.firebaseio.com",
    "project_id": "busina",
    "storage_bucket": "busina.appspot.com"
  },
  "client": [
    {
      "client_info": {
        "mobilesdk_app_id": "1:1058746900981:android:be33108d61b2efb8a040bc",
        "android_client_info": {
          "package_name": "com.example.busina"
        }
      },
      "oauth_client": [
        {
          "client_id": "1058746900981-stggns11bbn3hhodsvkkb64c7md5p8hd.apps.googleusercontent.com",
          "client_type": 3
        }
      ],
      "api_key": [
        {
          "current_key": "AIzaSyAEUEgv4lXLKP1V6Tju-Uh-P3Kz2KVRMOY"
        }
      ],
      "services": {
        "appinvite_service": {
          "other_platform_oauth_client": [
            {
              "client_id": "1058746900981-stggns11bbn3hhodsvkkb64c7md5p8hd.apps.googleusercontent.com",
              "client_type": 3
            }
          ]
        }
      }
    }
  ],
  "configuration_version": "1"
}